               epoch,      train/box_loss,      train/obj_loss,      train/cls_loss,   metrics/precision,      metrics/recall,     metrics/mAP_0.5,metrics/mAP_0.5:0.95,        val/box_loss,        val/obj_loss,        val/cls_loss,               x/lr0,               x/lr1,               x/lr2
                   0,            0.072979,            0.032627,            0.017502,             0.53336,             0.49841,             0.45806,             0.19411,            0.048687,            0.026905,           0.0050777,             0.07002,           0.0033311,           0.0033311
                   1,            0.054238,             0.02854,           0.0066027,             0.60206,             0.60402,             0.55502,             0.26428,            0.042632,            0.025488,           0.0038165,            0.039998,           0.0066424,           0.0066424
                   2,            0.050647,            0.028302,           0.0060288,              0.5733,             0.60608,             0.53646,             0.26019,            0.041973,            0.026585,           0.0040531,           0.0099543,           0.0099318,           0.0099318
                   3,            0.047954,            0.028182,           0.0057851,             0.62144,             0.64134,             0.58798,             0.30363,            0.038856,            0.024935,           0.0030047,            0.009901,            0.009901,            0.009901
                   4,             0.04546,            0.027911,            0.004936,             0.63146,             0.65988,             0.60239,             0.32067,            0.037517,            0.024455,           0.0026709,            0.009901,            0.009901,            0.009901
                   5,            0.043775,            0.027326,           0.0044892,             0.62955,             0.67379,             0.61509,             0.33835,            0.036345,            0.024206,           0.0025351,            0.009868,            0.009868,            0.009868
                   6,            0.042917,             0.02672,           0.0042514,             0.64224,             0.68349,             0.62705,             0.34717,            0.035668,            0.023795,           0.0022584,            0.009835,            0.009835,            0.009835
                   7,             0.04219,            0.026884,           0.0041264,              0.6514,             0.69592,              0.6393,             0.36355,            0.034575,            0.023492,           0.0020833,            0.009802,            0.009802,            0.009802
                   8,            0.041672,            0.026662,           0.0039715,             0.65259,             0.70124,             0.64524,             0.36701,            0.034047,            0.023321,            0.002114,            0.009769,            0.009769,            0.009769
                   9,            0.041143,            0.026484,           0.0038407,             0.65562,             0.70833,             0.64803,              0.3735,            0.033697,            0.023094,           0.0019764,            0.009736,            0.009736,            0.009736
                  10,            0.040823,            0.026481,           0.0037231,             0.66435,             0.70783,             0.65358,             0.38135,            0.033146,            0.022866,           0.0019037,            0.009703,            0.009703,            0.009703
                  11,            0.040504,            0.026181,           0.0036491,             0.66013,              0.7156,             0.65624,             0.38672,            0.032771,            0.022696,           0.0017756,             0.00967,             0.00967,             0.00967
                  12,             0.04036,             0.02608,           0.0035545,             0.66658,             0.72038,             0.65997,             0.39083,            0.032484,            0.022542,           0.0017122,            0.009637,            0.009637,            0.009637
                  13,            0.040127,            0.026323,            0.003531,             0.66137,             0.72819,             0.66422,              0.3962,            0.032047,            0.022591,           0.0017174,            0.009604,            0.009604,            0.009604
                  14,            0.040041,            0.026003,            0.003511,             0.66784,             0.73018,             0.67022,             0.40253,            0.031833,            0.022264,           0.0016593,            0.009571,            0.009571,            0.009571
                  15,            0.039482,            0.025925,           0.0034535,             0.67054,             0.73367,             0.67329,             0.40622,            0.031444,            0.022194,           0.0016015,            0.009538,            0.009538,            0.009538
                  16,            0.039339,            0.025761,           0.0033788,             0.66813,             0.73776,              0.6736,             0.41054,            0.031158,            0.022207,           0.0015615,            0.009505,            0.009505,            0.009505
                  17,            0.039161,            0.025722,           0.0033862,             0.67258,             0.73791,             0.67691,             0.41303,            0.030932,            0.022076,           0.0015538,            0.009472,            0.009472,            0.009472
                  18,            0.038893,            0.025635,           0.0032682,             0.67299,             0.74354,             0.68126,             0.41899,            0.030614,            0.021885,           0.0014768,            0.009439,            0.009439,            0.009439
                  19,            0.038886,            0.025667,           0.0033606,             0.67448,             0.74576,             0.68202,             0.42033,            0.030402,            0.021816,           0.0014425,            0.009406,            0.009406,            0.009406
                  20,            0.038855,            0.025629,           0.0032367,             0.67766,             0.74877,             0.68546,             0.42431,            0.030244,            0.021753,           0.0014029,            0.009373,            0.009373,            0.009373
                  21,            0.038584,            0.025558,           0.0032216,             0.67655,             0.75164,             0.68756,             0.42763,            0.030086,            0.021699,           0.0013658,             0.00934,             0.00934,             0.00934
                  22,            0.038533,            0.025706,           0.0031015,             0.67576,             0.75348,             0.68967,             0.43003,            0.029837,            0.021659,           0.0013426,            0.009307,            0.009307,            0.009307
                  23,            0.038357,            0.025605,           0.0031703,             0.68063,             0.75475,             0.69244,             0.43283,            0.029708,            0.021511,           0.0013289,            0.009274,            0.009274,            0.009274
                  24,            0.038321,            0.025298,           0.0030798,             0.68094,             0.75714,             0.69366,             0.43505,            0.029504,            0.021456,             0.00131,            0.009241,            0.009241,            0.009241
                  25,            0.038135,            0.025722,           0.0030594,              0.6801,             0.76102,             0.69677,             0.43796,            0.029367,             0.02137,           0.0012929,            0.009208,            0.009208,            0.009208
                  26,            0.038102,            0.025519,           0.0030544,             0.68001,             0.76356,             0.69718,             0.43955,            0.029232,            0.021353,           0.0012792,            0.009175,            0.009175,            0.009175
                  27,            0.037968,            0.025414,           0.0030995,             0.68262,             0.76437,              0.6989,             0.44238,            0.029077,            0.021305,           0.0012575,            0.009142,            0.009142,            0.009142
                  28,             0.03804,            0.025231,            0.003044,             0.68449,             0.76637,             0.70014,             0.44412,            0.028941,            0.021236,            0.001239,            0.009109,            0.009109,            0.009109
                  29,            0.037811,            0.025167,           0.0029983,             0.68228,             0.76941,             0.70206,             0.44616,            0.028857,            0.021215,           0.0012313,            0.009076,            0.009076,            0.009076
                  30,            0.037904,            0.025284,           0.0030718,             0.68394,             0.76859,             0.70254,             0.44795,            0.028723,             0.02118,             0.00122,            0.009043,            0.009043,            0.009043
                  31,            0.037768,            0.025155,           0.0029666,              0.6856,             0.76861,             0.70339,             0.44937,            0.028626,             0.02114,           0.0012095,             0.00901,             0.00901,             0.00901
                  32,             0.03762,            0.025273,           0.0029415,             0.68632,             0.77244,              0.7055,             0.45115,            0.028503,            0.021047,           0.0011899,            0.008977,            0.008977,            0.008977
                  33,            0.037551,            0.025234,           0.0029441,             0.68617,             0.77429,              0.7069,             0.45354,            0.028381,               0.021,           0.0011705,            0.008944,            0.008944,            0.008944
                  34,            0.037547,            0.025106,           0.0029376,             0.68639,             0.77594,             0.70746,              0.4548,            0.028293,            0.020975,            0.001159,            0.008911,            0.008911,            0.008911
                  35,            0.037397,            0.025104,           0.0029313,             0.68514,             0.77851,             0.70831,             0.45595,            0.028224,            0.020967,           0.0011534,            0.008878,            0.008878,            0.008878
                  36,            0.037342,            0.024933,           0.0028625,             0.68622,             0.77818,             0.70922,               0.457,            0.028163,            0.020937,           0.0011428,            0.008845,            0.008845,            0.008845
                  37,            0.037353,            0.025102,            0.002851,              0.6854,             0.78046,             0.71032,             0.45808,            0.028095,            0.020913,           0.0011318,            0.008812,            0.008812,            0.008812
                  38,            0.037172,             0.02485,           0.0028436,             0.68629,             0.78006,             0.71106,             0.45912,            0.028032,            0.020889,           0.0011219,            0.008779,            0.008779,            0.008779
                  39,            0.037292,             0.02488,           0.0029221,             0.68637,             0.78091,             0.71183,             0.46019,            0.027971,            0.020865,           0.0011172,            0.008746,            0.008746,            0.008746
                  40,            0.037166,            0.025046,           0.0029317,             0.68642,              0.7823,             0.71223,             0.46131,            0.027914,            0.020839,           0.0011122,            0.008713,            0.008713,            0.008713
                  41,            0.037046,            0.024702,           0.0028102,             0.68651,             0.78404,             0.71289,             0.46226,            0.027859,             0.02081,           0.0011058,             0.00868,             0.00868,             0.00868
                  42,             0.03707,            0.024854,           0.0027834,             0.68632,              0.7849,             0.71356,             0.46313,            0.027809,            0.020792,           0.0010997,            0.008647,            0.008647,            0.008647
                  43,            0.036901,            0.024826,            0.002772,             0.68744,             0.78495,             0.71428,             0.46389,             0.02776,            0.020764,           0.0010945,            0.008614,            0.008614,            0.008614
                  44,            0.036971,            0.024765,           0.0027467,             0.68887,             0.78412,             0.71479,              0.4646,            0.027716,             0.02074,           0.0010885,            0.008581,            0.008581,            0.008581
                  45,            0.036759,            0.024863,           0.0027903,             0.68873,             0.78573,             0.71554,             0.46539,            0.027675,            0.020722,           0.0010815,            0.008548,            0.008548,            0.008548
                  46,             0.03674,            0.024725,            0.002787,              0.6895,             0.78612,             0.71603,             0.46597,            0.027639,            0.020707,            0.001076,            0.008515,            0.008515,            0.008515
                  47,            0.036825,            0.024701,           0.0027423,             0.69055,             0.78592,             0.71637,              0.4667,            0.027604,            0.020692,           0.0010712,            0.008482,            0.008482,            0.008482
                  48,            0.036731,            0.024778,           0.0028277,             0.69103,             0.78592,             0.71679,             0.46714,            0.027573,            0.020679,           0.0010669,            0.008449,            0.008449,            0.008449
                  49,             0.03653,            0.024655,           0.0027493,             0.69064,             0.78691,             0.71734,              0.4676,            0.027539,            0.020662,           0.0010633,            0.008416,            0.008416,            0.008416
                  50,            0.036606,            0.024655,           0.0027665,             0.69124,             0.78618,             0.71752,             0.46817,            0.027504,            0.020648,             0.00106,            0.008383,            0.008383,            0.008383
                  51,             0.03646,            0.024706,           0.0027019,             0.69088,             0.78756,             0.71791,             0.46885,            0.027472,            0.020629,           0.0010573,             0.00835,             0.00835,             0.00835
                  52,            0.036606,            0.024736,           0.0026736,               0.691,             0.78862,             0.71822,             0.46945,            0.027439,            0.020613,           0.0010544,            0.008317,            0.008317,            0.008317
                  53,            0.036512,            0.024545,           0.0027139,              0.6918,             0.78881,             0.71871,             0.46996,            0.027407,            0.020598,           0.0010511,            0.008284,            0.008284,            0.008284
                  54,            0.036576,            0.024689,           0.0027623,             0.69161,              0.7897,             0.71916,             0.47043,            0.027379,            0.020589,           0.0010482,            0.008251,            0.008251,            0.008251
                  55,             0.03651,            0.024633,           0.0026649,             0.69129,             0.78994,             0.71949,             0.47101,            0.027352,            0.020571,           0.0010451,            0.008218,            0.008218,            0.008218
                  56,            0.036427,             0.02439,           0.0027201,             0.69178,             0.79009,             0.71995,              0.4716,            0.027325,            0.020557,            0.001042,            0.008185,            0.008185,            0.008185
                  57,            0.036271,            0.024623,           0.0026892,             0.69155,             0.79134,              0.7203,             0.47219,            0.027297,            0.020541,           0.0010389,            0.008152,            0.008152,            0.008152
                  58,            0.036147,            0.024518,           0.0026575,             0.69254,             0.79094,             0.72063,             0.47265,            0.027269,            0.020523,           0.0010359,            0.008119,            0.008119,            0.008119
                  59,            0.036134,            0.024609,           0.0026445,             0.69347,             0.79147,             0.72124,             0.47315,            0.027242,              0.0205,           0.0010326,            0.008086,            0.008086,            0.008086
                  60,            0.036176,            0.024658,           0.0026231,             0.69419,             0.79181,             0.72174,             0.47366,            0.027217,            0.020484,           0.0010296,            0.008053,            0.008053,            0.008053
                  61,            0.036108,            0.024285,           0.0026068,             0.69399,             0.79245,             0.72223,             0.47429,            0.027191,            0.020468,           0.0010267,             0.00802,             0.00802,             0.00802
                  62,            0.036121,            0.024459,           0.0026672,             0.69529,             0.79183,             0.72258,             0.47473,            0.027166,            0.020452,           0.0010239,            0.007987,            0.007987,            0.007987
                  63,             0.03602,            0.024483,           0.0025619,             0.69488,              0.7929,             0.72299,             0.47536,             0.02714,            0.020436,           0.0010208,            0.007954,            0.007954,            0.007954
                  64,            0.035995,            0.024451,           0.0026224,              0.6947,             0.79383,             0.72334,             0.47579,            0.027115,             0.02042,           0.0010177,            0.007921,            0.007921,            0.007921
                  65,            0.035903,            0.024278,           0.0025588,             0.69551,             0.79359,              0.7237,             0.47642,            0.027088,            0.020403,           0.0010142,            0.007888,            0.007888,            0.007888
                  66,            0.035874,            0.024199,           0.0026687,             0.69604,             0.79383,             0.72431,             0.47694,            0.027062,            0.020384,           0.0010107,            0.007855,            0.007855,            0.007855
                  67,            0.036097,            0.024352,           0.0026406,             0.69555,             0.79505,             0.72479,             0.47753,            0.027034,            0.020367,           0.0010074,            0.007822,            0.007822,            0.007822
                  68,            0.035949,            0.024433,           0.0025946,             0.69624,             0.79503,             0.72534,             0.47799,             0.02701,            0.020353,           0.0010042,            0.007789,            0.007789,            0.007789
                  69,            0.035859,            0.024313,           0.0025802,             0.69665,             0.79496,             0.72573,             0.47854,            0.026986,            0.020337,           0.0010009,            0.007756,            0.007756,            0.007756
                  70,             0.03569,            0.023994,           0.0025464,             0.69708,             0.79609,             0.72636,              0.4791,            0.026961,            0.020319,          0.00099717,            0.007723,            0.007723,            0.007723
                  71,            0.035714,            0.024274,            0.002503,              0.6979,             0.79556,             0.72706,             0.47984,            0.026934,            0.020303,          0.00099371,             0.00769,             0.00769,             0.00769
                  72,            0.035805,            0.024233,           0.0025469,              0.6987,             0.79514,             0.72765,             0.48046,            0.026908,            0.020284,          0.00098992,            0.007657,            0.007657,            0.007657
                  73,            0.035581,            0.024266,           0.0024872,             0.69902,             0.79555,             0.72825,             0.48106,             0.02688,            0.020266,          0.00098635,            0.007624,            0.007624,            0.007624
                  74,            0.035656,             0.02431,           0.0025119,             0.69914,             0.79635,             0.72877,             0.48167,            0.026851,            0.020245,            0.000983,            0.007591,            0.007591,            0.007591
                  75,            0.035516,             0.02415,           0.0024537,             0.69957,             0.79683,             0.72941,             0.48252,            0.026823,            0.020225,          0.00097991,            0.007558,            0.007558,            0.007558
                  76,            0.035514,            0.024134,           0.0025071,             0.70065,             0.79672,              0.7302,             0.48311,            0.026797,            0.020206,          0.00097651,            0.007525,            0.007525,            0.007525
                  77,            0.035597,            0.024069,           0.0024594,             0.70005,             0.79759,             0.73069,             0.48376,             0.02677,            0.020189,          0.00097328,            0.007492,            0.007492,            0.007492
                  78,            0.035616,            0.024154,           0.0024895,             0.70047,             0.79817,             0.73122,             0.48428,            0.026744,            0.020171,          0.00096977,            0.007459,            0.007459,            0.007459
                  79,            0.035474,            0.024019,           0.0024158,             0.70082,              0.7985,             0.73177,             0.48486,            0.026717,            0.020152,          0.00096596,            0.007426,            0.007426,            0.007426
                  80,             0.03534,            0.024195,           0.0024685,             0.70134,             0.79856,             0.73256,             0.48568,             0.02669,            0.020128,          0.00096249,            0.007393,            0.007393,            0.007393
                  81,            0.035407,            0.023989,           0.0025349,             0.70225,             0.79825,             0.73313,             0.48638,            0.026664,            0.020109,          0.00095931,             0.00736,             0.00736,             0.00736
                  82,            0.035257,            0.024193,           0.0024203,              0.7024,             0.79854,             0.73375,             0.48702,            0.026634,            0.020087,          0.00095546,            0.007327,            0.007327,            0.007327
                  83,            0.035371,            0.023967,           0.0024559,             0.70302,             0.79901,             0.73449,             0.48787,            0.026605,            0.020067,          0.00095182,            0.007294,            0.007294,            0.007294
                  84,            0.035267,            0.024059,           0.0024284,             0.70381,             0.79927,             0.73522,             0.48863,            0.026574,            0.020046,          0.00094766,            0.007261,            0.007261,            0.007261
                  85,            0.035254,            0.023899,           0.0023514,             0.70407,             0.79997,             0.73592,              0.4893,            0.026545,            0.020025,          0.00094357,            0.007228,            0.007228,            0.007228
                  86,            0.035182,            0.023908,           0.0024379,             0.70409,             0.80125,             0.73648,             0.49018,            0.026515,            0.020003,          0.00093943,            0.007195,            0.007195,            0.007195
                  87,            0.035212,            0.023788,           0.0023875,             0.70453,             0.80135,             0.73713,               0.491,            0.026485,            0.019976,          0.00093474,            0.007162,            0.007162,            0.007162
                  88,            0.035207,             0.02401,           0.0023854,             0.70418,             0.80241,             0.73798,             0.49175,            0.026456,            0.019952,          0.00093042,            0.007129,            0.007129,            0.007129
                  89,            0.035008,            0.023839,            0.002381,             0.70476,             0.80309,             0.73881,             0.49258,            0.026423,            0.019929,          0.00092632,            0.007096,            0.007096,            0.007096
                  90,            0.034997,            0.023905,           0.0023655,             0.70514,             0.80344,             0.73947,              0.4933,            0.026391,            0.019913,          0.00092254,            0.007063,            0.007063,            0.007063
                  91,             0.03494,            0.023878,           0.0024241,              0.7059,             0.80332,             0.74008,             0.49398,            0.026363,            0.019893,           0.0009186,             0.00703,             0.00703,             0.00703
                  92,            0.035014,            0.023706,           0.0023237,              0.7073,             0.80311,              0.7409,             0.49476,            0.026333,             0.01987,           0.0009147,            0.006997,            0.006997,            0.006997
                  93,            0.034869,            0.023814,           0.0023379,             0.70682,             0.80439,             0.74178,              0.4957,            0.026302,            0.019848,          0.00091082,            0.006964,            0.006964,            0.006964
                  94,            0.034893,            0.023894,           0.0023888,             0.70689,             0.80535,             0.74253,             0.49641,            0.026271,            0.019825,          0.00090704,            0.006931,            0.006931,            0.006931
                  95,             0.03481,            0.023843,           0.0022923,             0.70775,             0.80547,             0.74336,             0.49714,            0.026239,            0.019799,          0.00090312,            0.006898,            0.006898,            0.006898
                  96,             0.03489,            0.023747,            0.002339,             0.70843,             0.80593,             0.74414,             0.49793,            0.026209,            0.019774,          0.00089946,            0.006865,            0.006865,            0.006865
                  97,             0.03495,            0.023942,            0.002295,             0.70883,             0.80642,             0.74504,             0.49876,            0.026178,            0.019748,          0.00089552,            0.006832,            0.006832,            0.006832
                  98,            0.034786,            0.023658,           0.0023238,             0.70825,             0.80786,             0.74588,             0.49967,            0.026148,            0.019726,          0.00089187,            0.006799,            0.006799,            0.006799
                  99,            0.034679,            0.023825,           0.0023001,             0.70839,             0.80895,             0.74667,             0.50054,            0.026117,            0.019699,          0.00088787,            0.006766,            0.006766,            0.006766
                 100,            0.034821,            0.023691,           0.0023903,             0.70898,             0.80913,             0.74752,              0.5013,            0.026087,            0.019674,          0.00088435,            0.006733,            0.006733,            0.006733
                 101,            0.034695,            0.023616,           0.0023284,             0.70938,             0.81005,             0.74842,             0.50225,            0.026055,            0.019644,          0.00088028,              0.0067,              0.0067,              0.0067
                 102,            0.034645,            0.023648,            0.002287,             0.71012,             0.81044,             0.74924,             0.50308,            0.026022,            0.019618,           0.0008762,            0.006667,            0.006667,            0.006667
                 103,            0.034628,            0.023695,            0.002312,             0.71087,             0.81093,             0.75022,             0.50393,            0.025993,            0.019592,          0.00087227,            0.006634,            0.006634,            0.006634
                 104,            0.034564,            0.023562,           0.0022375,             0.71121,             0.81125,             0.75111,             0.50494,            0.025962,            0.019568,          0.00086883,            0.006601,            0.006601,            0.006601
                 105,            0.034412,            0.023459,           0.0022333,             0.71079,             0.81294,              0.7522,             0.50607,            0.025931,            0.019537,          0.00086498,            0.006568,            0.006568,            0.006568
                 106,            0.034666,             0.02356,           0.0023489,             0.71147,             0.81345,             0.75313,             0.50695,              0.0259,            0.019513,          0.00086128,            0.006535,            0.006535,            0.006535
                 107,            0.034472,            0.023563,           0.0022422,             0.71244,             0.81428,             0.75419,             0.50807,            0.025869,            0.019484,          0.00085751,            0.006502,            0.006502,            0.006502
                 108,            0.034419,            0.023712,           0.0022845,             0.71269,             0.81538,             0.75507,             0.50902,            0.025835,            0.019458,          0.00085408,            0.006469,            0.006469,            0.006469
                 109,            0.034312,            0.023469,            0.002266,             0.71323,             0.81606,             0.75601,             0.50996,            0.025803,            0.019432,          0.00085056,            0.006436,            0.006436,            0.006436
                 110,            0.034225,            0.023514,           0.0022032,             0.71364,             0.81682,             0.75706,             0.51109,            0.025772,            0.019406,          0.00084718,            0.006403,            0.006403,            0.006403
                 111,            0.034402,            0.023403,           0.0022815,             0.71469,             0.81644,             0.75796,             0.51207,             0.02574,             0.01938,          0.00084431,             0.00637,             0.00637,             0.00637
                 112,             0.03432,            0.023431,           0.0022818,             0.71525,             0.81741,             0.75904,             0.51291,            0.025709,            0.019355,          0.00084134,            0.006337,            0.006337,            0.006337
                 113,            0.034246,            0.023179,           0.0021831,             0.71629,             0.81703,             0.75997,             0.51387,            0.025678,             0.01933,          0.00083889,            0.006304,            0.006304,            0.006304
                 114,            0.034299,              0.0234,           0.0022574,             0.71683,             0.81818,             0.76094,             0.51486,            0.025645,            0.019302,           0.0008362,            0.006271,            0.006271,            0.006271
                 115,            0.034203,            0.023483,            0.002207,             0.71759,             0.81886,               0.762,             0.51578,            0.025613,            0.019271,          0.00083315,            0.006238,            0.006238,            0.006238
                 116,            0.034078,            0.023483,           0.0022135,             0.71924,             0.81825,             0.76297,             0.51677,            0.025584,            0.019243,          0.00082977,            0.006205,            0.006205,            0.006205
                 117,            0.034056,            0.023357,            0.002219,                0.72,             0.81871,             0.76401,             0.51788,            0.025548,            0.019209,          0.00082647,            0.006172,            0.006172,            0.006172
                 118,            0.033932,            0.023273,           0.0022016,             0.72061,             0.81954,             0.76509,             0.51893,            0.025515,             0.01918,          0.00082338,            0.006139,            0.006139,            0.006139
                 119,            0.034051,            0.023307,           0.0022007,             0.72159,             0.81977,             0.76609,             0.51988,            0.025479,             0.01915,          0.00082024,            0.006106,            0.006106,            0.006106
                 120,            0.034064,            0.023307,           0.0022042,             0.72136,             0.82087,             0.76706,             0.52079,            0.025451,            0.019123,          0.00081686,            0.006073,            0.006073,            0.006073
                 121,              0.0341,            0.023196,           0.0021655,              0.7218,             0.82126,             0.76816,             0.52185,            0.025417,            0.019094,          0.00081348,             0.00604,             0.00604,             0.00604
                 122,            0.033924,            0.023173,           0.0022196,             0.72276,             0.82167,             0.76919,             0.52308,            0.025381,            0.019064,          0.00080974,            0.006007,            0.006007,            0.006007
                 123,            0.033884,            0.023109,            0.002159,             0.72295,             0.82244,              0.7705,             0.52436,            0.025346,            0.019036,          0.00080585,            0.005974,            0.005974,            0.005974
                 124,            0.033785,            0.023252,           0.0021058,             0.72404,              0.8222,             0.77166,             0.52527,            0.025309,            0.019003,          0.00080237,            0.005941,            0.005941,            0.005941
                 125,            0.033833,            0.023212,           0.0022161,             0.72407,             0.82392,             0.77287,             0.52635,            0.025273,            0.018973,          0.00079901,            0.005908,            0.005908,            0.005908
                 126,            0.033862,            0.023137,           0.0021004,             0.72479,             0.82404,             0.77396,              0.5274,             0.02524,            0.018943,          0.00079541,            0.005875,            0.005875,            0.005875
                 127,            0.033661,             0.02312,           0.0020559,              0.7258,             0.82421,             0.77525,             0.52854,            0.025206,            0.018915,          0.00079194,            0.005842,            0.005842,            0.005842
                 128,            0.033581,            0.023107,           0.0020912,              0.7273,             0.82361,             0.77651,             0.52956,            0.025172,            0.018887,          0.00078827,            0.005809,            0.005809,            0.005809
                 129,            0.033689,            0.023042,           0.0021614,             0.72803,             0.82352,             0.77757,             0.53066,             0.02514,            0.018857,          0.00078467,            0.005776,            0.005776,            0.005776
                 130,            0.033674,            0.023055,           0.0021669,             0.72827,             0.82426,             0.77876,             0.53175,            0.025107,            0.018826,          0.00078116,            0.005743,            0.005743,            0.005743
                 131,            0.033677,            0.022999,           0.0020528,             0.72909,             0.82449,             0.77999,             0.53301,            0.025077,            0.018797,          0.00077728,             0.00571,             0.00571,             0.00571
                 132,            0.033608,            0.022983,           0.0021537,             0.72947,             0.82531,             0.78128,             0.53404,            0.025046,            0.018772,          0.00077405,            0.005677,            0.005677,            0.005677
                 133,            0.033574,            0.022898,           0.0021317,             0.73018,             0.82556,             0.78241,             0.53502,            0.025012,            0.018744,          0.00077072,            0.005644,            0.005644,            0.005644
                 134,            0.033461,            0.022901,           0.0021201,             0.73017,             0.82662,             0.78375,             0.53614,            0.024977,            0.018716,          0.00076748,            0.005611,            0.005611,            0.005611
                 135,            0.033565,            0.023019,           0.0021264,             0.73066,             0.82685,             0.78505,              0.5374,            0.024944,            0.018687,          0.00076433,            0.005578,            0.005578,            0.005578
                 136,            0.033308,            0.022947,           0.0020802,             0.73132,             0.82779,             0.78637,             0.53857,             0.02491,            0.018654,          0.00076085,            0.005545,            0.005545,            0.005545
                 137,            0.033407,             0.02267,            0.002099,             0.73213,             0.82786,             0.78771,             0.53984,            0.024876,            0.018624,          0.00075749,            0.005512,            0.005512,            0.005512
                 138,            0.033444,             0.02298,           0.0020643,             0.73311,             0.82834,             0.78897,             0.54108,            0.024844,            0.018592,          0.00075411,            0.005479,            0.005479,            0.005479
                 139,            0.033382,             0.02295,           0.0021138,             0.73413,             0.82881,             0.79031,             0.54228,            0.024812,             0.01856,          0.00075068,            0.005446,            0.005446,            0.005446
                 140,            0.033287,            0.022761,           0.0020439,             0.73486,             0.82914,             0.79158,              0.5434,            0.024779,             0.01853,           0.0007474,            0.005413,            0.005413,            0.005413
                 141,            0.033269,            0.022888,           0.0020298,             0.73599,             0.82932,             0.79294,             0.54459,            0.024746,              0.0185,          0.00074425,             0.00538,             0.00538,             0.00538
                 142,            0.033323,            0.022868,           0.0020143,             0.73652,             0.82948,             0.79424,             0.54586,            0.024713,            0.018472,           0.0007409,            0.005347,            0.005347,            0.005347
                 143,            0.033268,            0.022749,           0.0020796,             0.73753,              0.8299,             0.79559,             0.54711,            0.024679,            0.018439,          0.00073763,            0.005314,            0.005314,            0.005314
                 144,            0.033284,            0.022786,           0.0020844,             0.73876,             0.83023,             0.79689,             0.54842,            0.024646,            0.018407,          0.00073426,            0.005281,            0.005281,            0.005281
                 145,            0.033149,            0.022769,           0.0020329,             0.73979,             0.83034,             0.79819,             0.54957,            0.024617,            0.018376,          0.00073101,            0.005248,            0.005248,            0.005248
                 146,            0.033139,            0.022532,           0.0020074,             0.74048,             0.83059,             0.79966,             0.55076,            0.024583,            0.018342,          0.00072758,            0.005215,            0.005215,            0.005215
                 147,            0.033039,            0.022587,           0.0019952,             0.74121,             0.83132,             0.80101,               0.552,            0.024549,            0.018306,          0.00072432,            0.005182,            0.005182,            0.005182
                 148,            0.033013,            0.022595,           0.0019575,             0.74157,             0.83234,             0.80225,             0.55322,             0.02452,            0.018272,          0.00072134,            0.005149,            0.005149,            0.005149
                 149,            0.032978,            0.022502,            0.001984,              0.7428,             0.83216,             0.80363,             0.55447,            0.024482,            0.018236,          0.00071799,            0.005116,            0.005116,            0.005116
                 150,            0.032761,            0.022529,            0.001985,             0.74419,             0.83194,             0.80514,             0.55565,            0.024448,            0.018205,          0.00071507,            0.005083,            0.005083,            0.005083
                 151,            0.033079,             0.02256,           0.0019584,             0.74546,             0.83226,             0.80647,             0.55698,            0.024413,            0.018173,          0.00071225,             0.00505,             0.00505,             0.00505
                 152,              0.0329,            0.022357,            0.002012,              0.7462,             0.83302,             0.80782,             0.55818,            0.024381,            0.018137,          0.00070899,            0.005017,            0.005017,            0.005017
                 153,            0.032877,              0.0225,           0.0019883,             0.74709,             0.83333,             0.80925,             0.55951,            0.024346,            0.018103,          0.00070602,            0.004984,            0.004984,            0.004984
                 154,            0.032875,            0.022359,           0.0020203,             0.74738,             0.83476,             0.81082,             0.56069,            0.024311,            0.018072,          0.00070308,            0.004951,            0.004951,            0.004951
                 155,             0.03272,            0.022228,           0.0019573,             0.74815,             0.83531,             0.81214,             0.56185,            0.024278,             0.01804,          0.00070028,            0.004918,            0.004918,            0.004918
                 156,            0.032668,            0.022252,           0.0019218,             0.74901,             0.83534,             0.81354,             0.56295,            0.024245,            0.018014,          0.00069768,            0.004885,            0.004885,            0.004885
                 157,            0.032654,            0.022319,           0.0019669,             0.74998,             0.83561,             0.81479,             0.56424,            0.024212,            0.017984,          0.00069476,            0.004852,            0.004852,            0.004852
                 158,            0.032533,              0.0225,            0.001917,             0.75121,              0.8361,             0.81639,             0.56568,            0.024176,            0.017947,          0.00069159,            0.004819,            0.004819,            0.004819
                 159,            0.032543,            0.022262,           0.0019614,              0.7522,             0.83668,             0.81788,             0.56706,            0.024139,             0.01791,          0.00068841,            0.004786,            0.004786,            0.004786
                 160,            0.032558,            0.022174,           0.0019115,             0.75314,              0.8371,             0.81928,             0.56828,            0.024107,            0.017876,          0.00068538,            0.004753,            0.004753,            0.004753
                 161,            0.032551,            0.022307,           0.0019551,             0.75409,             0.83757,             0.82077,             0.56963,            0.024072,            0.017839,          0.00068239,             0.00472,             0.00472,             0.00472
                 162,            0.032495,            0.022135,           0.0020097,             0.75497,             0.83813,             0.82222,             0.57106,            0.024034,            0.017801,          0.00067962,            0.004687,            0.004687,            0.004687
                 163,            0.032388,            0.021978,            0.001908,              0.7561,             0.83838,             0.82376,             0.57249,            0.024001,            0.017765,          0.00067673,            0.004654,            0.004654,            0.004654
                 164,            0.032348,            0.022163,           0.0019027,             0.75761,             0.83801,             0.82506,             0.57372,            0.023967,             0.01773,          0.00067375,            0.004621,            0.004621,            0.004621
                 165,            0.032322,            0.022021,           0.0019378,             0.75815,             0.83882,             0.82642,             0.57502,            0.023932,            0.017693,          0.00067076,            0.004588,            0.004588,            0.004588
                 166,            0.032318,            0.022189,           0.0018701,             0.75969,             0.83869,             0.82775,             0.57622,            0.023897,            0.017657,          0.00066779,            0.004555,            0.004555,            0.004555
                 167,            0.032372,             0.02214,           0.0019312,             0.76091,             0.83902,             0.82918,             0.57742,            0.023865,            0.017619,          0.00066544,            0.004522,            0.004522,            0.004522
                 168,            0.032219,            0.021946,           0.0019188,             0.76246,             0.83921,             0.83062,             0.57882,            0.023833,            0.017584,          0.00066281,            0.004489,            0.004489,            0.004489
                 169,            0.032137,            0.021831,           0.0018494,             0.76325,             0.84026,             0.83203,              0.5803,            0.023799,            0.017547,          0.00066039,            0.004456,            0.004456,            0.004456
                 170,            0.032176,            0.021896,           0.0019027,             0.76511,             0.83961,             0.83335,             0.58182,            0.023766,             0.01751,          0.00065812,            0.004423,            0.004423,            0.004423
                 171,            0.032214,            0.021947,           0.0018829,              0.7667,             0.83972,             0.83477,             0.58333,            0.023733,             0.01747,          0.00065565,             0.00439,             0.00439,             0.00439
                 172,            0.032091,            0.021932,           0.0018217,             0.76811,             0.84031,             0.83627,             0.58447,            0.023703,            0.017435,          0.00065368,            0.004357,            0.004357,            0.004357
                 173,            0.032188,            0.021845,           0.0018807,             0.76917,             0.84047,             0.83766,             0.58585,             0.02367,            0.017397,          0.00065154,            0.004324,            0.004324,            0.004324
                 174,            0.032024,            0.021816,           0.0017605,             0.76951,              0.8415,              0.8391,              0.5872,            0.023637,            0.017359,          0.00064926,            0.004291,            0.004291,            0.004291
                 175,            0.031966,            0.021963,           0.0019536,             0.77149,             0.84114,             0.84064,             0.58861,            0.023603,             0.01732,           0.0006474,            0.004258,            0.004258,            0.004258
                 176,            0.031927,            0.021683,            0.001817,             0.77323,             0.84073,             0.84192,             0.58973,             0.02357,            0.017287,          0.00064551,            0.004225,            0.004225,            0.004225
                 177,             0.03197,            0.021777,           0.0019103,             0.77397,             0.84146,             0.84321,             0.59104,            0.023537,            0.017245,           0.0006433,            0.004192,            0.004192,            0.004192
                 178,            0.031871,            0.021749,            0.001901,             0.77431,             0.84258,             0.84454,             0.59241,            0.023502,            0.017207,          0.00064137,            0.004159,            0.004159,            0.004159
                 179,            0.031751,            0.021714,           0.0018414,             0.77633,             0.84249,             0.84604,             0.59374,            0.023468,            0.017166,          0.00063924,            0.004126,            0.004126,            0.004126
                 180,            0.031777,            0.021456,           0.0018277,             0.77745,              0.8425,             0.84741,               0.595,            0.023436,            0.017126,          0.00063719,            0.004093,            0.004093,            0.004093
                 181,            0.031813,            0.021475,           0.0018115,             0.77942,             0.84276,             0.84886,             0.59633,              0.0234,            0.017088,          0.00063524,             0.00406,             0.00406,             0.00406
                 182,            0.031697,            0.021618,            0.001825,             0.78063,             0.84302,             0.85026,             0.59758,            0.023365,            0.017049,          0.00063326,            0.004027,            0.004027,            0.004027
                 183,            0.031702,            0.021529,           0.0017974,             0.78137,             0.84397,             0.85158,             0.59884,            0.023333,             0.01701,          0.00063138,            0.003994,            0.003994,            0.003994
                 184,            0.031599,            0.021449,            0.001786,             0.78242,             0.84435,             0.85281,             0.60014,            0.023302,            0.016971,          0.00062953,            0.003961,            0.003961,            0.003961
                 185,            0.031684,            0.021484,           0.0017852,             0.78402,             0.84479,             0.85421,             0.60145,             0.02327,             0.01693,          0.00062773,            0.003928,            0.003928,            0.003928
                 186,            0.031482,            0.021405,           0.0018182,             0.78537,             0.84513,             0.85561,              0.6028,            0.023238,            0.016889,          0.00062601,            0.003895,            0.003895,            0.003895
                 187,            0.031595,             0.02129,           0.0018206,             0.78743,             0.84463,             0.85681,             0.60399,            0.023205,            0.016846,          0.00062433,            0.003862,            0.003862,            0.003862
                 188,            0.031351,            0.021496,           0.0018118,             0.78786,             0.84608,             0.85812,             0.60527,            0.023177,             0.01681,          0.00062251,            0.003829,            0.003829,            0.003829
                 189,            0.031502,            0.021363,           0.0017723,             0.78855,             0.84665,             0.85955,             0.60652,            0.023145,            0.016772,          0.00062076,            0.003796,            0.003796,            0.003796
                 190,            0.031483,            0.021195,            0.001788,             0.79051,             0.84652,             0.86078,             0.60782,            0.023113,            0.016729,          0.00061894,            0.003763,            0.003763,            0.003763
                 191,             0.03123,            0.021244,           0.0017567,             0.79173,             0.84717,             0.86227,             0.60917,             0.02308,            0.016689,          0.00061717,             0.00373,             0.00373,             0.00373
                 192,            0.031349,            0.021281,           0.0017693,             0.79313,             0.84778,             0.86356,             0.61041,            0.023047,            0.016649,          0.00061564,            0.003697,            0.003697,            0.003697
                 193,            0.031135,            0.021036,           0.0016959,             0.79472,             0.84824,             0.86476,             0.61156,            0.023018,            0.016609,          0.00061387,            0.003664,            0.003664,            0.003664
                 194,            0.031179,             0.02111,            0.001738,             0.79658,             0.84818,             0.86602,              0.6128,            0.022985,            0.016567,          0.00061209,            0.003631,            0.003631,            0.003631
                 195,            0.031206,            0.021194,           0.0017768,             0.79774,             0.84841,             0.86732,             0.61398,            0.022954,            0.016526,          0.00061059,            0.003598,            0.003598,            0.003598
                 196,            0.031147,             0.02092,           0.0017249,             0.79845,             0.84973,             0.86863,             0.61507,            0.022924,            0.016487,          0.00060901,            0.003565,            0.003565,            0.003565
                 197,             0.03099,            0.020973,           0.0017176,             0.79976,             0.85012,              0.8698,             0.61637,            0.022893,            0.016446,          0.00060727,            0.003532,            0.003532,            0.003532
                 198,            0.031059,            0.020987,           0.0016606,              0.8009,             0.85056,             0.87107,              0.6178,            0.022859,            0.016405,          0.00060549,            0.003499,            0.003499,            0.003499
                 199,            0.031055,            0.020763,           0.0017031,             0.80246,             0.85079,             0.87227,             0.61906,            0.022831,            0.016364,          0.00060378,            0.003466,            0.003466,            0.003466
                 200,            0.030995,            0.020973,           0.0017351,             0.80377,             0.85158,             0.87368,             0.62043,              0.0228,            0.016327,          0.00060211,            0.003433,            0.003433,            0.003433
                 201,            0.030954,            0.020901,           0.0017346,             0.80566,             0.85143,              0.8748,             0.62165,            0.022769,            0.016286,           0.0006006,              0.0034,              0.0034,              0.0034
                 202,            0.030934,            0.020804,           0.0017003,             0.80627,             0.85267,              0.8762,             0.62267,            0.022737,            0.016249,          0.00059901,            0.003367,            0.003367,            0.003367
                 203,            0.030832,            0.020893,            0.001658,             0.80756,             0.85321,             0.87741,             0.62391,            0.022703,            0.016205,          0.00059749,            0.003334,            0.003334,            0.003334
                 204,            0.030623,            0.020687,           0.0016955,             0.80843,             0.85403,              0.8785,             0.62512,            0.022671,            0.016164,          0.00059583,            0.003301,            0.003301,            0.003301
                 205,             0.03082,             0.02075,           0.0016972,             0.81015,             0.85445,             0.87967,              0.6265,            0.022638,            0.016121,          0.00059438,            0.003268,            0.003268,            0.003268
                 206,            0.030812,            0.020806,           0.0016747,             0.81112,             0.85492,             0.88074,             0.62746,             0.02261,            0.016085,          0.00059298,            0.003235,            0.003235,            0.003235
                 207,            0.030655,            0.020712,            0.001639,             0.81225,             0.85553,             0.88173,             0.62859,            0.022579,            0.016043,          0.00059133,            0.003202,            0.003202,            0.003202
                 208,            0.030547,            0.020501,           0.0015872,             0.81323,             0.85645,              0.8829,             0.62998,            0.022546,               0.016,          0.00058992,            0.003169,            0.003169,            0.003169
                 209,            0.030564,            0.020573,           0.0016751,             0.81475,             0.85699,             0.88419,             0.63142,             0.02251,            0.015956,          0.00058836,            0.003136,            0.003136,            0.003136
                 210,            0.030697,            0.020689,           0.0016961,             0.81643,             0.85646,             0.88528,             0.63244,            0.022481,            0.015916,          0.00058688,            0.003103,            0.003103,            0.003103
                 211,            0.030609,            0.020514,           0.0016594,             0.81834,             0.85663,             0.88641,             0.63359,             0.02245,            0.015871,          0.00058556,             0.00307,             0.00307,             0.00307
                 212,            0.030485,            0.020432,           0.0016683,             0.81957,              0.8576,             0.88765,             0.63482,            0.022418,            0.015825,           0.0005843,            0.003037,            0.003037,            0.003037
                 213,            0.030281,            0.020488,           0.0015757,             0.82073,             0.85795,             0.88875,             0.63604,            0.022383,            0.015778,          0.00058277,            0.003004,            0.003004,            0.003004
                 214,             0.03042,            0.020568,           0.0016591,             0.82213,             0.85788,             0.89005,             0.63729,            0.022353,            0.015731,          0.00058137,            0.002971,            0.002971,            0.002971
                 215,            0.030266,             0.02019,           0.0016223,             0.82254,              0.8589,             0.89103,             0.63854,            0.022322,            0.015691,          0.00057975,            0.002938,            0.002938,            0.002938
                 216,            0.030185,            0.020341,           0.0016274,             0.82397,             0.85934,             0.89217,             0.63974,             0.02229,            0.015649,          0.00057837,            0.002905,            0.002905,            0.002905
                 217,            0.030242,            0.020135,           0.0015856,             0.82547,             0.85958,             0.89318,             0.64078,            0.022261,            0.015607,          0.00057698,            0.002872,            0.002872,            0.002872
                 218,            0.030208,            0.020219,           0.0016177,             0.82715,              0.8602,             0.89431,              0.6419,             0.02223,            0.015564,          0.00057539,            0.002839,            0.002839,            0.002839
                 219,            0.030017,            0.020066,            0.001601,              0.8271,             0.86159,             0.89537,             0.64325,            0.022199,            0.015524,          0.00057378,            0.002806,            0.002806,            0.002806
                 220,            0.029971,            0.019988,           0.0016035,             0.82824,              0.8619,             0.89638,             0.64427,            0.022168,            0.015476,          0.00057225,            0.002773,            0.002773,            0.002773
                 221,            0.029976,            0.019943,           0.0015438,             0.82842,             0.86351,             0.89736,             0.64538,             0.02214,            0.015431,          0.00057059,             0.00274,             0.00274,             0.00274
                 222,            0.029933,            0.019967,           0.0015865,             0.82994,             0.86332,             0.89843,             0.64635,            0.022112,            0.015388,          0.00056896,            0.002707,            0.002707,            0.002707
                 223,            0.029905,            0.020026,           0.0015613,             0.83124,             0.86387,             0.89948,             0.64744,            0.022081,            0.015346,          0.00056753,            0.002674,            0.002674,            0.002674
                 224,            0.029865,            0.019883,           0.0015811,             0.83322,             0.86316,             0.90045,             0.64855,            0.022049,            0.015301,          0.00056585,            0.002641,            0.002641,            0.002641
                 225,            0.029946,             0.01988,           0.0015744,             0.83425,             0.86459,             0.90149,             0.64958,            0.022018,            0.015254,          0.00056437,            0.002608,            0.002608,            0.002608
                 226,            0.029779,            0.019874,           0.0015224,             0.83501,             0.86583,             0.90245,             0.65074,            0.021987,            0.015208,          0.00056281,            0.002575,            0.002575,            0.002575
                 227,            0.029708,             0.01973,           0.0015743,             0.83626,             0.86649,             0.90343,             0.65192,            0.021955,            0.015161,          0.00056147,            0.002542,            0.002542,            0.002542
                 228,            0.029706,            0.019683,           0.0015596,             0.83778,             0.86625,             0.90433,             0.65302,            0.021927,             0.01512,           0.0005601,            0.002509,            0.002509,            0.002509
                 229,            0.029535,            0.019648,           0.0015351,             0.83801,             0.86766,             0.90517,              0.6541,              0.0219,             0.01508,          0.00055889,            0.002476,            0.002476,            0.002476
                 230,            0.029575,            0.019662,           0.0015545,             0.84005,             0.86713,             0.90616,             0.65514,            0.021867,            0.015039,          0.00055752,            0.002443,            0.002443,            0.002443
                 231,            0.029519,            0.019606,           0.0015669,             0.84098,             0.86806,             0.90717,             0.65626,            0.021839,            0.014993,          0.00055648,             0.00241,             0.00241,             0.00241
                 232,             0.02942,            0.019581,           0.0015619,             0.84194,             0.86847,             0.90807,             0.65728,            0.021809,            0.014947,           0.0005555,            0.002377,            0.002377,            0.002377
                 233,            0.029238,            0.019484,           0.0014916,             0.84399,             0.86811,             0.90899,             0.65837,            0.021779,            0.014899,          0.00055426,            0.002344,            0.002344,            0.002344
                 234,            0.029358,            0.019484,           0.0015147,             0.84464,             0.86937,             0.90989,             0.65953,            0.021747,            0.014854,          0.00055295,            0.002311,            0.002311,            0.002311
                 235,             0.02939,            0.019485,            0.001508,             0.84619,             0.86978,             0.91076,             0.66044,            0.021716,            0.014805,          0.00055157,            0.002278,            0.002278,            0.002278
                 236,            0.029279,            0.019402,           0.0015308,             0.84774,             0.86958,             0.91158,             0.66152,            0.021684,            0.014761,          0.00055031,            0.002245,            0.002245,            0.002245
                 237,            0.029154,            0.019257,           0.0014568,             0.84968,             0.86948,             0.91248,             0.66274,            0.021655,            0.014712,          0.00054898,            0.002212,            0.002212,            0.002212
                 238,            0.029059,            0.019211,           0.0014675,             0.85147,             0.86931,             0.91332,              0.6638,            0.021622,            0.014664,          0.00054774,            0.002179,            0.002179,            0.002179
                 239,            0.029061,            0.019381,           0.0014702,             0.85325,             0.86963,              0.9143,             0.66486,            0.021592,            0.014616,          0.00054654,            0.002146,            0.002146,            0.002146
                 240,            0.029092,            0.019077,           0.0015037,             0.85418,              0.8708,             0.91521,             0.66615,            0.021558,            0.014568,           0.0005453,            0.002113,            0.002113,            0.002113
                 241,            0.028949,            0.019088,           0.0014546,             0.85567,             0.87076,             0.91597,             0.66728,            0.021522,            0.014523,          0.00054401,             0.00208,             0.00208,             0.00208
                 242,            0.028944,            0.018982,           0.0015182,             0.85745,             0.87107,             0.91691,             0.66843,            0.021488,            0.014476,          0.00054282,            0.002047,            0.002047,            0.002047
                 243,             0.02899,            0.019073,           0.0014792,             0.85833,             0.87145,             0.91767,             0.66945,            0.021455,            0.014434,          0.00054157,            0.002014,            0.002014,            0.002014
                 244,             0.02878,            0.019139,           0.0014695,             0.85879,             0.87288,             0.91845,             0.67064,            0.021424,            0.014391,          0.00054028,            0.001981,            0.001981,            0.001981
                 245,            0.028761,            0.019096,           0.0014442,             0.86017,             0.87364,             0.91927,             0.67177,            0.021389,            0.014345,          0.00053896,            0.001948,            0.001948,            0.001948
                 246,            0.028617,            0.018978,           0.0014474,             0.86089,             0.87494,              0.9201,              0.6731,            0.021354,            0.014299,          0.00053764,            0.001915,            0.001915,            0.001915
                 247,            0.028715,            0.018974,            0.001454,             0.86185,             0.87523,             0.92083,             0.67426,             0.02132,            0.014254,          0.00053646,            0.001882,            0.001882,            0.001882
                 248,            0.028656,            0.018796,           0.0014114,             0.86218,             0.87653,             0.92155,             0.67525,            0.021286,            0.014209,          0.00053525,            0.001849,            0.001849,            0.001849
                 249,            0.028518,            0.018855,           0.0014259,              0.8632,             0.87679,             0.92228,             0.67623,            0.021255,            0.014166,          0.00053387,            0.001816,            0.001816,            0.001816
                 250,            0.028433,            0.018679,           0.0014225,             0.86505,             0.87657,             0.92297,             0.67727,            0.021226,            0.014126,          0.00053266,            0.001783,            0.001783,            0.001783
                 251,            0.028272,            0.018594,           0.0014268,             0.86558,             0.87694,             0.92366,             0.67822,            0.021195,            0.014079,          0.00053148,             0.00175,             0.00175,             0.00175
                 252,            0.028419,            0.018587,           0.0014364,              0.8672,             0.87735,             0.92435,             0.67924,            0.021168,            0.014037,          0.00053029,            0.001717,            0.001717,            0.001717
                 253,            0.028328,            0.018597,           0.0013798,               0.868,             0.87812,              0.9252,             0.68023,             0.02114,            0.013993,            0.000529,            0.001684,            0.001684,            0.001684
                 254,            0.028216,            0.018454,           0.0013734,              0.8685,             0.87949,             0.92594,             0.68116,             0.02111,            0.013953,          0.00052757,            0.001651,            0.001651,            0.001651
                 255,             0.02812,            0.018305,           0.0013573,             0.86867,             0.88038,             0.92658,             0.68209,            0.021083,            0.013912,          0.00052617,            0.001618,            0.001618,            0.001618
                 256,            0.028152,            0.018386,           0.0013907,             0.86969,             0.88117,             0.92733,             0.68303,            0.021052,            0.013868,          0.00052471,            0.001585,            0.001585,            0.001585
                 257,            0.027909,            0.018118,           0.0013797,             0.87106,             0.88179,             0.92802,             0.68405,            0.021022,            0.013824,          0.00052343,            0.001552,            0.001552,            0.001552
                 258,            0.028012,            0.018239,           0.0014384,             0.87164,             0.88277,             0.92868,             0.68484,            0.020989,            0.013783,          0.00052233,            0.001519,            0.001519,            0.001519
                 259,            0.027969,            0.018217,           0.0013866,             0.87277,             0.88271,             0.92945,             0.68574,            0.020961,            0.013744,          0.00052109,            0.001486,            0.001486,            0.001486
                 260,            0.027766,            0.018147,           0.0013475,             0.87411,             0.88272,             0.93001,             0.68649,            0.020932,            0.013704,          0.00051986,            0.001453,            0.001453,            0.001453
                 261,             0.02777,            0.018051,           0.0013677,              0.8753,             0.88276,             0.93071,             0.68729,            0.020901,            0.013664,          0.00051866,             0.00142,             0.00142,             0.00142
                 262,            0.027661,            0.017973,            0.001396,             0.87701,             0.88286,             0.93143,             0.68833,            0.020872,            0.013625,          0.00051752,            0.001387,            0.001387,            0.001387
                 263,            0.027696,            0.018003,           0.0013455,               0.878,             0.88292,             0.93207,             0.68925,            0.020842,            0.013585,           0.0005164,            0.001354,            0.001354,            0.001354
                 264,            0.027533,            0.017849,           0.0013701,             0.87837,              0.8842,             0.93272,             0.68996,            0.020816,            0.013547,          0.00051525,            0.001321,            0.001321,            0.001321
                 265,            0.027464,            0.017899,           0.0013529,             0.87907,             0.88484,             0.93318,             0.69079,            0.020786,            0.013508,          0.00051402,            0.001288,            0.001288,            0.001288
                 266,            0.027444,            0.017807,           0.0013218,             0.88111,             0.88442,             0.93371,             0.69178,            0.020752,             0.01347,          0.00051275,            0.001255,            0.001255,            0.001255
                 267,            0.027377,            0.017922,            0.001316,             0.88217,             0.88518,             0.93435,             0.69287,             0.02072,            0.013428,           0.0005114,            0.001222,            0.001222,            0.001222
                 268,            0.027208,             0.01766,            0.001307,             0.88344,             0.88536,             0.93493,             0.69377,             0.02069,             0.01339,          0.00051015,            0.001189,            0.001189,            0.001189
                 269,            0.027251,              0.0177,           0.0013024,             0.88458,             0.88569,             0.93549,             0.69467,            0.020659,            0.013346,          0.00050886,            0.001156,            0.001156,            0.001156
                 270,            0.027003,            0.017619,           0.0012841,             0.88545,             0.88588,             0.93601,             0.69572,             0.02063,            0.013305,          0.00050746,            0.001123,            0.001123,            0.001123
                 271,            0.027177,            0.017512,           0.0013079,             0.88668,             0.88644,             0.93686,             0.69668,            0.020597,            0.013261,          0.00050609,             0.00109,             0.00109,             0.00109
                 272,            0.026973,            0.017551,           0.0013108,             0.88758,             0.88681,             0.93736,             0.69721,            0.020571,            0.013226,          0.00050494,            0.001057,            0.001057,            0.001057
                 273,             0.02692,            0.017333,           0.0013221,             0.88781,             0.88784,             0.93788,             0.69803,            0.020542,            0.013186,          0.00050372,            0.001024,            0.001024,            0.001024
                 274,             0.02675,            0.017269,           0.0012325,             0.88937,               0.888,             0.93843,             0.69898,            0.020513,             0.01315,          0.00050248,            0.000991,            0.000991,            0.000991
                 275,            0.026726,            0.017328,           0.0013021,             0.89007,             0.88819,             0.93882,             0.69963,            0.020488,            0.013119,          0.00050136,            0.000958,            0.000958,            0.000958
                 276,            0.026706,            0.017172,           0.0012384,             0.89096,             0.88896,             0.93933,              0.7004,            0.020462,            0.013085,          0.00050018,            0.000925,            0.000925,            0.000925
                 277,             0.02651,            0.017181,           0.0012563,             0.89218,             0.88905,             0.93983,             0.70115,            0.020435,            0.013049,          0.00049916,            0.000892,            0.000892,            0.000892
                 278,            0.026656,            0.017155,           0.0012804,             0.89264,             0.88929,             0.94041,              0.7022,            0.020403,            0.013009,          0.00049803,            0.000859,            0.000859,            0.000859
                 279,            0.026445,            0.017136,           0.0012385,             0.89378,             0.88972,             0.94092,             0.70292,            0.020374,            0.012975,          0.00049711,            0.000826,            0.000826,            0.000826
                 280,            0.026416,            0.017049,           0.0012332,             0.89387,             0.89088,             0.94134,             0.70364,            0.020347,            0.012943,          0.00049609,            0.000793,            0.000793,            0.000793
                 281,            0.026111,            0.016839,           0.0011616,             0.89461,              0.8916,             0.94185,             0.70453,            0.020317,            0.012907,          0.00049508,             0.00076,             0.00076,             0.00076
                 282,            0.026338,             0.01689,           0.0012587,             0.89608,             0.89128,             0.94227,             0.70536,            0.020289,            0.012871,           0.0004941,            0.000727,            0.000727,            0.000727
                 283,            0.026238,            0.016824,           0.0012484,             0.89691,             0.89196,             0.94283,             0.70601,            0.020262,            0.012836,          0.00049316,            0.000694,            0.000694,            0.000694
                 284,            0.026054,            0.016606,            0.001184,             0.89825,             0.89172,             0.94323,             0.70692,            0.020235,            0.012805,          0.00049215,            0.000661,            0.000661,            0.000661
                 285,            0.025973,            0.016608,           0.0012194,             0.89929,              0.8919,              0.9437,             0.70758,            0.020209,            0.012773,          0.00049133,            0.000628,            0.000628,            0.000628
                 286,            0.026031,             0.01669,           0.0012339,             0.89987,             0.89282,             0.94411,             0.70838,            0.020181,            0.012736,          0.00049027,            0.000595,            0.000595,            0.000595
                 287,            0.025855,            0.016642,           0.0011531,             0.90102,             0.89272,             0.94443,             0.70903,            0.020158,            0.012706,          0.00048925,            0.000562,            0.000562,            0.000562
                 288,            0.025798,            0.016328,           0.0012087,             0.90177,             0.89296,              0.9449,             0.70975,            0.020132,            0.012673,           0.0004882,            0.000529,            0.000529,            0.000529
                 289,            0.025731,             0.01639,           0.0011905,             0.90204,             0.89406,             0.94527,             0.71028,            0.020108,            0.012644,          0.00048711,            0.000496,            0.000496,            0.000496
                 290,            0.025743,            0.016424,           0.0011632,             0.90337,             0.89441,             0.94565,               0.711,            0.020084,            0.012616,          0.00048599,            0.000463,            0.000463,            0.000463
                 291,             0.02556,            0.016338,           0.0011336,             0.90469,             0.89411,             0.94599,             0.71166,             0.02006,            0.012587,          0.00048489,             0.00043,             0.00043,             0.00043
                 292,            0.025442,            0.016203,           0.0011531,             0.90514,             0.89469,             0.94638,             0.71237,            0.020036,            0.012557,          0.00048369,            0.000397,            0.000397,            0.000397
                 293,            0.025361,            0.016256,           0.0011584,             0.90575,             0.89489,             0.94675,             0.71295,            0.020013,             0.01253,          0.00048258,            0.000364,            0.000364,            0.000364
                 294,            0.025264,            0.016099,           0.0011684,             0.90642,             0.89522,             0.94707,             0.71349,            0.019987,              0.0125,           0.0004814,            0.000331,            0.000331,            0.000331
                 295,            0.025307,            0.016055,           0.0011465,              0.9066,             0.89608,             0.94751,             0.71444,            0.019962,            0.012468,          0.00048031,            0.000298,            0.000298,            0.000298
                 296,            0.025138,             0.01589,           0.0011533,             0.90687,             0.89656,             0.94778,             0.71493,            0.019942,            0.012442,          0.00047918,            0.000265,            0.000265,            0.000265
                 297,            0.024991,            0.015942,           0.0011163,             0.90699,             0.89698,              0.9481,             0.71545,            0.019921,            0.012419,          0.00047815,            0.000232,            0.000232,            0.000232
                 298,            0.025064,            0.016015,           0.0011562,             0.90718,              0.8975,             0.94832,             0.71605,            0.019899,            0.012394,          0.00047711,            0.000199,            0.000199,            0.000199
                 299,            0.024946,            0.015763,           0.0011546,             0.90807,             0.89742,             0.94857,             0.71653,            0.019878,            0.012371,          0.00047605,            0.000166,            0.000166,            0.000166
